<?xml version="1.0" encoding="UTF-8"?>
<resources>
    <style name="AppTheme">
        <item name="android:windowNoTitle">true</item>
    </style>
    <style name="GrandroidDialog" parent="android:style/Theme.Dialog">
        <item name="android:windowBackground">@layout/shape_dialog</item>
        <!---item name="android:windowBackground">@null</item-->
        <item name="android:windowNoTitle">true</item>
        <item name="android:windowIsFloating">true</item>
    </style>
    <style name="GrandroidDialog.Text">
        <item name="android:textColor">#FF000000</item>
        <item name="android:textSize">16sp</item>
        <item name="android:padding">3sp</item>
    </style>
    <style name="GrandroidDialog.TextTitle">
        <item name="android:textColor">#FF000000</item>
        <item name="android:textSize">18sp</item>
        <item name="android:textStyle">bold</item>
    </style>
</resources>
